source,target,base,k,n_draws,warm_auc,warm_ci_lower,warm_ci_upper,cold_auc,cold_ci_lower,cold_ci_upper,lift,lift_ci_lower,lift_ci_upper,fold_warm_auc,fold_cold_auc,fold_lift,fold_diverged,confirmatory,confirmatory_passed
STAD,COAD,single,0,1,0.7437121664251002,0.6809126950294143,0.8053180151760594,0.5,0.5,0.5,0.24371216642510019,0.18091269502941432,0.30531801517605933,0.7252724463553658,0.5,0.2252724463553658,True,False,
STAD,COAD,single,10,20,0.7844658538664848,0.7253183881831359,0.8395944347344187,0.7174204962059852,0.6727932368488363,0.7587723271378634,0.06704535766049957,0.0217420496205984,0.11153849433029236,0.7965507093810966,0.7588196115591349,0.03773109782196171,True,False,
STAD,COAD,single,25,20,0.8002003580867934,0.7445175952766645,0.8525848857532612,0.7378399693068464,0.6799112776025236,0.7911672990024724,0.062360388779946985,0.014142989598431221,0.11228568079120149,0.8232139888303245,0.7653919001058525,0.05782208872447203,True,False,
STAD,COAD,single,3,20,0.7710567823343848,0.7098117912865547,0.8271195860687186,0.6613138374968028,0.6260507609344359,0.694428819592463,0.10974294483758196,0.05731456219626592,0.15850429491005216,0.7628389069856547,0.7007020665779107,0.06213684040774403,True,False,
STAD,COAD,single,40,20,0.8042970415210163,0.7475573365163268,0.8606845745587858,0.750556313411203,0.6923583105976638,0.8077366996333872,0.05374072810981334,0.0017949100520079449,0.10705894577542853,0.8370024579166833,0.7768560002449277,0.06014645767175553,True,False,
STAD,COAD,single,5,20,0.7741815159007588,0.7139930407536875,0.8297151291670217,0.6755392616591354,0.6342388524170861,0.7133903146048257,0.09864225424162343,0.048242017648563375,0.14545458905277517,0.770602020502393,0.7193896871169214,0.0512123333854716,True,False,
STAD,COAD,single,all,1,0.807570977917981,0.7450763065905022,0.8704098814903231,0.7672862136584534,0.6975786512064115,0.8351308721971181,0.04028476425952765,-0.013221502259357143,0.10253218518202732,0.8433536890120802,0.7935674915396862,0.04978619747239399,True,False,
STAD+UCEC,COAD,pooled,0,1,0.6606275044760849,0.5914400204621025,0.7324590757950379,0.5,0.5,0.5,0.16062750447608487,0.09144002046210253,0.23245907579503788,0.6824559184608837,0.5,0.18245591846088371,True,False,
STAD+UCEC,COAD,pooled,10,20,0.6780714468411628,0.612727800750277,0.7456876119021231,0.7174204962059852,0.6727932368488363,0.7587723271378634,-0.03934904936482242,-0.0955094743797426,0.01714782803308033,0.7250064055882327,0.7588196115591349,-0.033813205970902205,True,False,
STAD+UCEC,COAD,pooled,25,20,0.7257524085599795,0.6603896858214681,0.7911355401142467,0.7378399693068464,0.6799112776025236,0.7911672990024724,-0.012087560746866899,-0.06742438613692556,0.04353211058061206,0.7656932766422587,0.7653919001058525,0.0003013765364062726,True,False,
STAD+UCEC,COAD,pooled,3,20,0.6701210674396795,0.6027175696990364,0.7387966791712849,0.6613138374968028,0.6260507609344359,0.694428819592463,0.008807229942876638,-0.05305141103248359,0.07239379955665427,0.7044260706192185,0.7007020665779107,0.0037240040413077935,True,False,
STAD+UCEC,COAD,pooled,40,20,0.7394065990280503,0.67399746355188,0.8051528796146303,0.750556313411203,0.6923583105976638,0.8077366996333872,-0.011149714383152709,-0.06729505925483822,0.04459752536448137,0.7894292556196976,0.7768560002449277,0.012573255374769832,True,False,
STAD+UCEC,COAD,pooled,5,20,0.676905533293546,0.6100690595958734,0.7462992902208201,0.6755392616591354,0.6342388524170861,0.7133903146048257,0.0013662716344106096,-0.059347663909966826,0.06448157345042192,0.7100395833560679,0.7193896871169214,-0.009350103760853545,True,False,
STAD+UCEC,COAD,pooled,all,1,0.7582487850626652,0.6915934862307102,0.8228333617529201,0.7672862136584534,0.6975786512064115,0.8351308721971181,-0.009037428595788155,-0.06833809361411886,0.05125117230795463,0.8059752410780217,0.7935674915396862,0.012407749538335455,True,False,
UCEC,COAD,single,0,1,0.5709779179810726,0.5018629039133771,0.6432784124818824,0.5,0.5,0.5,0.07097791798107256,0.001862903913377071,0.14327841248188244,0.5553867063643627,0.5,0.055386706364362714,True,False,
UCEC,COAD,single,10,20,0.592313922755563,0.5227703768437207,0.6591743221928553,0.7174204962059852,0.6727932368488363,0.7587723271378634,-0.1251065734504222,-0.1887919899394663,-0.061983385199079165,0.6374404453926301,0.7588196115591349,-0.12137916616650479,True,False,
UCEC,COAD,single,25,20,0.6657174524682411,0.5951187761104954,0.7312972120385371,0.7378399693068464,0.6799112776025236,0.7911672990024724,-0.07212251683860527,-0.13093033293545908,-0.01429943942365057,0.7054790189370378,0.7653919001058525,-0.05991288116881466,True,False,
UCEC,COAD,single,3,20,0.5701700912268735,0.5043523531417854,0.638728045869213,0.6613138374968028,0.6260507609344359,0.694428819592463,-0.09114374626992938,-0.15943574686674072,-0.021834448802114517,0.5857579887369609,0.7007020665779107,-0.11494407784094973,True,False,
UCEC,COAD,single,40,20,0.6918791030778413,0.6217495630488534,0.7563205516241793,0.750556313411203,0.6923583105976638,0.8077366996333872,-0.05867721033336171,-0.11799609941171457,-0.004279243754795987,0.7387041343683349,0.7768560002449277,-0.038151865876592805,True,False,
UCEC,COAD,single,5,20,0.5729047659647029,0.5058860516668087,0.6421752706965641,0.6755392616591354,0.6342388524170861,0.7133903146048257,-0.1026344956944325,-0.16746563006223883,-0.0369837049194304,0.5937398811494143,0.7193896871169214,-0.12564980596750708,True,False,
UCEC,COAD,single,all,1,0.7145110410094637,0.6457423906556399,0.7811855230624947,0.7672862136584534,0.6975786512064115,0.8351308721971181,-0.05277517264898968,-0.1116474123966237,0.0017925654360985389,0.7640824751768147,0.7935674915396862,-0.029485016362871486,True,False,
COAD,STAD,single,0,1,0.7595856524427953,0.6936147186147186,0.8203540507111936,0.5,0.5,0.5,0.2595856524427953,0.19361471861471857,0.32035405071119355,0.7717757748222346,0.5,0.2717757748222346,True,False,
COAD,STAD,single,10,20,0.8020356627499485,0.7497735003092145,0.8513376752216039,0.7878014842300556,0.7532399247577819,0.8206327303648732,0.014234178519892948,-0.03128749226963509,0.0614281849103278,0.812027493578932,0.7905799057000555,0.021447587878876462,False,True,False
COAD,STAD,single,25,20,0.8292542774685632,0.7757709750566891,0.8748394016697588,0.8464363017934445,0.807348227169656,0.8835896593485879,-0.017182024324881362,-0.05564928622964334,0.02062603071531624,0.8356055218747283,0.8462482445025327,-0.010642722627804413,False,False,
COAD,STAD,single,3,20,0.7751803751803752,0.7162025870954442,0.8310780638012779,0.6539759843331272,0.6279767058338488,0.6814866135848279,0.12120439084724799,0.06638637652030505,0.17669578437435568,0.7871453923920747,0.6572560126314123,0.1298893797606624,True,False,
COAD,STAD,single,40,20,0.8387806637806637,0.7830230236033808,0.8867669037311895,0.8607014017728304,0.8188769712430428,0.9019070165945168,-0.02192073799216665,-0.061138940424654724,0.017928906411049196,0.844195166996667,0.8586289119703245,-0.01443374497365757,False,False,
COAD,STAD,single,5,20,0.7841604823747682,0.7268395691609978,0.8378493480725623,0.7173907441764584,0.6843621160585446,0.7529274891774892,0.06676973819830978,0.014189664502164509,0.12015718408575543,0.7957927413951498,0.7280805337425724,0.06771220765257735,True,False,
COAD,STAD,single,all,1,0.8341063698206556,0.7730313337456195,0.8857516491445062,0.8584312512883941,0.8108598742527314,0.9019313028241599,-0.02432488146773859,-0.06777082044939192,0.01954365079365071,0.8477118549984042,0.8587883859607072,-0.011076530962302988,True,False,
COAD+UCEC,STAD,pooled,0,1,0.7340754483611627,0.6660984848484849,0.7957160894660894,0.5,0.5,0.5,0.23407544836116267,0.16609848484848483,0.29571608946608946,0.7521823555119231,0.5,0.25218235551192314,True,False,
COAD+UCEC,STAD,pooled,10,20,0.7914991754277468,0.7297671227581941,0.8445036461554318,0.7878014842300556,0.7532399247577819,0.8206327303648732,0.003697691197691255,-0.05145878427128423,0.05125773036487339,0.8006511662328648,0.7905799057000555,0.010071260532809267,False,False,
COAD+UCEC,STAD,pooled,25,20,0.8169655741084313,0.7585003736343023,0.8677041460523603,0.8464363017934445,0.807348227169656,0.8835896593485879,-0.029470727685013243,-0.07990465883323049,0.013904285198927974,0.8246156951341996,0.8462482445025327,-0.02163254936833303,False,False,
COAD+UCEC,STAD,pooled,3,20,0.770820449391878,0.7059688079777366,0.826818439497011,0.6539759843331272,0.6279767058338488,0.6814866135848279,0.11684446505875079,0.05423237476808911,0.17384456813028237,0.7789213240282464,0.6572560126314123,0.12166531139683412,False,False,
COAD+UCEC,STAD,pooled,40,20,0.8250154607297464,0.7663214414553701,0.87720334724799,0.8607014017728304,0.8188769712430428,0.9019070165945168,-0.03568594104308398,-0.08544868326118357,0.009887587610801952,0.834748143464602,0.8586289119703245,-0.023880768505722516,True,False,
COAD+UCEC,STAD,pooled,5,20,0.7749484642341786,0.711501301278087,0.8308900226757368,0.7173907441764584,0.6843621160585446,0.7529274891774892,0.057557720057720196,-0.006337997320140031,0.11207682694289839,0.7837561216475616,0.7280805337425724,0.055675587904989166,True,False,
COAD+UCEC,STAD,pooled,all,1,0.8247783962069677,0.7657686559472274,0.8800324675324676,0.8584312512883941,0.8108598742527314,0.9019313028241599,-0.03365285508142646,-0.08386028653885796,0.015049732014017651,0.8330338153972052,0.8587883859607072,-0.025754570563501944,False,False,
UCEC,STAD,single,0,1,0.5206658420944136,0.4404401154401154,0.5958230261801689,0.5,0.5,0.5,0.020665842094413578,-0.05955988455988457,0.09582302618016891,0.5543561011148647,0.5,0.05435610111486466,True,False,
UCEC,STAD,single,10,20,0.6774092970521542,0.6067992424242424,0.7453684163059161,0.7878014842300556,0.7532399247577819,0.8206327303648732,-0.11039218717790134,-0.1768375721500722,-0.05015892341785202,0.6977013899389967,0.7905799057000555,-0.09287851576105888,True,False,
UCEC,STAD,single,25,20,0.7578411667697381,0.6905611600700888,0.8164701865594721,0.8464363017934445,0.807348227169656,0.8835896593485879,-0.08859513502370642,-0.14644744640280347,-0.03562248763141603,0.7760768622371907,0.8462482445025327,-0.07017138226534192,True,False,
UCEC,STAD,single,3,20,0.6116780045351472,0.535714092455164,0.6836306302824159,0.6539759843331272,0.6279767058338488,0.6814866135848279,-0.04229797979798,-0.12313382549989689,0.037418702329416714,0.6330478430238717,0.6572560126314123,-0.024208169607540575,True,False,
UCEC,STAD,single,40,20,0.7957998350855494,0.7305799706246136,0.8561744356833643,0.8607014017728304,0.8188769712430428,0.9019070165945168,-0.06490156668728098,-0.11925305349412506,-0.0133371985157696,0.8169192704497027,0.8586289119703245,-0.04170964152062184,True,False,
UCEC,STAD,single,5,20,0.6342841682127396,0.5600950190682333,0.7059050968872396,0.7173907441764584,0.6843621160585446,0.7529274891774892,-0.08310657596371884,-0.15806637806637802,-0.014311353329210762,0.6538389376060901,0.7280805337425724,-0.07424159613648229,True,False,
UCEC,STAD,single,all,1,0.8062770562770563,0.73989898989899,0.8671407957122242,0.8584312512883941,0.8108598742527314,0.9019313028241599,-0.05215419501133789,-0.10554524840239121,-0.0006184291898577721,0.8268909450585656,0.8587883859607072,-0.03189744090214153,True,False,
COAD,UCEC,single,0,1,0.5878740769529732,0.5324771667314419,0.6380144772638943,0.5,0.5,0.5,0.08787407695297322,0.0324771667314419,0.13801447726389426,0.5869757122698109,0.5,0.08697571226981093,False,False,
COAD,UCEC,single,10,20,0.6527603964244073,0.6125028177225029,0.6916090167120091,0.6167907112320248,0.5905619656043529,0.6408214389817335,0.03596968519238253,-0.0013105324523902812,0.07211499222697229,0.6595710535370202,0.6224604990860175,0.03711055445100264,False,False,
COAD,UCEC,single,25,20,0.6944383987563155,0.6569682034589973,0.7299190390594635,0.6704061406917996,0.6396614117761367,0.699413743684415,0.02403225806451592,-0.0034548435678195123,0.05115512048192757,0.7033591597952521,0.6794933108718151,0.023865848923437016,False,False,
COAD,UCEC,single,3,20,0.6150563544500585,0.5731428293820442,0.6540276185386708,0.5591012436844152,0.542102603964244,0.5742075155460551,0.0559551107656433,0.012660027205596638,0.09677373202487352,0.6232363185513059,0.5672229828508314,0.05601333570047451,False,False,
COAD,UCEC,single,40,20,0.6978497862417412,0.6576932326078505,0.7339857170617956,0.6922065682083172,0.6594406577924602,0.7218404586086281,0.005643218033424047,-0.018588029537504765,0.030559220753983596,0.7051998498800243,0.7010412174843581,0.004158632395666162,False,False,
COAD,UCEC,single,5,20,0.6249096385542169,0.5823051642052078,0.664361275748154,0.5767712786630391,0.5580872522347454,0.5950083074232412,0.04813835989117776,0.006736591527399838,0.08592758938981729,0.631125318741909,0.5836290318297892,0.04749628691211982,False,False,
COAD,UCEC,single,all,1,0.7381072677808006,0.6908467741935485,0.7825699572483482,0.7548970073843763,0.7086839292654489,0.7982918771861639,-0.01678973960357566,-0.04559026428293815,0.011453070345899654,0.7405766057885279,0.7578094816741088,-0.017232875885580867,False,False,
COAD+STAD,UCEC,pooled,0,1,0.5696463272444617,0.518082491255344,0.6219476292265838,0.5,0.5,0.5,0.06964632724446174,0.018082491255343964,0.12194762922658373,0.5570760072810609,0.5,0.05707600728106088,True,False,
COAD+STAD,UCEC,pooled,10,20,0.6250582977069569,0.5805128497862417,0.6647700155460552,0.6167907112320248,0.5905619656043529,0.6408214389817335,0.008267586474932087,-0.03297026816945195,0.04823025165176829,0.6286985702666257,0.6224604990860175,0.006238071180608151,False,False,
COAD+STAD,UCEC,pooled,25,20,0.6806879129420909,0.6390845559657986,0.7184385930820054,0.6704061406917996,0.6396614117761367,0.699413743684415,0.010281772250291255,-0.025761173727166846,0.044233749514185856,0.6847506939374105,0.6794933108718151,0.005257383065595422,False,False,
COAD+STAD,UCEC,pooled,3,20,0.5898911776136806,0.5465225660707346,0.6309025942479595,0.5591012436844152,0.542102603964244,0.5742075155460551,0.030789933929265434,-0.014361421492421231,0.07361953458997277,0.5904457034147117,0.5672229828508314,0.023222720563880306,False,False,
COAD+STAD,UCEC,pooled,40,20,0.6897774970851146,0.6459500825884181,0.7292119364554994,0.6922065682083172,0.6594406577924602,0.7218404586086281,-0.002429071123202564,-0.03428101923824351,0.027105640303148163,0.6946246080112203,0.7010412174843581,-0.006416609473137824,False,False,
COAD+STAD,UCEC,pooled,5,20,0.5956723668869024,0.5514992955693742,0.6358199086669257,0.5767712786630391,0.5580872522347454,0.5950083074232412,0.01890108822386327,-0.025854037116206638,0.0610433832102605,0.5984749111863432,0.5836290318297892,0.014845879356554015,False,False,
COAD+STAD,UCEC,pooled,all,1,0.7351923824329576,0.6851258258841819,0.7796006607073455,0.7548970073843763,0.7086839292654489,0.7982918771861639,-0.01970462495141867,-0.05703653322969299,0.01284735717061786,0.7448318619194273,0.7578094816741088,-0.01297761975468148,False,False,
STAD,UCEC,single,0,1,0.589623008161679,0.5365502331908277,0.6410449863972018,0.5,0.5,0.5,0.08962300816167901,0.03655023319082777,0.14104498639720173,0.5814158804556461,0.5,0.08141588045564607,False,False,
STAD,UCEC,single,10,20,0.6283540614069179,0.5871649096385542,0.6680653905946368,0.6167907112320248,0.5905619656043529,0.6408214389817335,0.011563350174893072,-0.024711377769141146,0.048461985036921645,0.6340769378834208,0.6224604990860175,0.011616438797403261,False,False,
STAD,UCEC,single,25,20,0.6828721336960746,0.6442183734939759,0.720659444228527,0.6704061406917996,0.6396614117761367,0.699413743684415,0.012465993004274978,-0.01781123688301593,0.04254717256121256,0.6858532121296874,0.6794933108718151,0.006359901257872336,False,False,
STAD,UCEC,single,3,20,0.6033890400310921,0.5618261999611347,0.6440631315584919,0.5591012436844152,0.542102603964244,0.5742075155460551,0.0442877963466769,0.0010610911387484297,0.0835934463661096,0.6064065474093535,0.5672229828508314,0.03918356455852212,False,False,
STAD,UCEC,single,40,20,0.6965993004275165,0.6567632384376215,0.7351259473377382,0.6922065682083172,0.6594406577924602,0.7218404586086281,0.004392732219199336,-0.023305382821608996,0.031964729887291196,0.7038557082093353,0.7010412174843581,0.002814490724977192,False,False,
STAD,UCEC,single,5,20,0.6053828216090167,0.563952244461718,0.6464023756315587,0.5767712786630391,0.5580872522347454,0.5950083074232412,0.028611542945977564,-0.01231036241741162,0.06772731247570918,0.6095587176871169,0.5836290318297892,0.02592968585732769,False,False,
STAD,UCEC,single,all,1,0.747396035755927,0.702079770695686,0.7917615623785464,0.7548970073843763,0.7086839292654489,0.7982918771861639,-0.0075009716284493155,-0.037215798678585335,0.022409638554216935,0.7555647529368427,0.7578094816741088,-0.0022447287372661107,False,False,
