permutation,null_mean_lift
0,-0.19374871160585444
1,-0.18389507318078743
2,-0.13539991754277464
3,-0.21371882086167798
4,-0.13903061224489796
5,-0.11298701298701297
6,-0.0988378684807256
7,-0.11386827458256028
8,-0.1441893424036281
9,-0.10337559266130694
10,-0.16106988249845391
11,-0.07527313955885385
12,-0.1416408987837559
13,-0.074721706864564
14,-0.16731344052772626
15,-0.16743970315398887
16,-0.17133838383838382
17,-0.13705936920222636
18,-0.16529839208410632
19,-0.10490105132962277
20,-0.17742991135848277
21,-0.035801896516182215
22,-0.136698618841476
23,-0.11709183673469385
24,-0.17652803545660684
25,-0.1469645433931148
26,-0.20968614718614717
27,-0.1260410224695939
28,-0.18806431663574516
29,-0.14718357039785612
30,-0.2172954030096887
31,-0.09396000824572251
32,-0.13242630385487525
33,-0.06939548546691406
34,-0.09502422180993608
35,-0.15169552669552666
36,-0.11798082869511436
37,-0.15197381983096273
38,-0.16135848278705417
39,-0.17318336425479286
40,-0.14988919810348383
41,-0.07430684394970108
42,-0.16265976087404657
43,-0.14243970315398888
44,-0.11599927849927849
45,-0.12846835703978554
46,-0.12282261389404248
47,-0.12999896928468352
48,-0.10612760255617397
49,-0.08773191094619663
50,-0.1860776128633271
51,-0.12698928056070913
52,-0.1962327355184498
53,-0.07672387136672851
54,-0.11577252112966399
55,-0.17514172335600903
56,-0.1863352916924345
57,-0.12068645640074212
58,-0.09945372088229229
59,-0.1616084312512884
60,-0.06140744176458461
61,-0.11101834673263244
62,-0.10131416202844772
63,-0.11583951762523186
64,-0.012430426716140992
65,-0.0786590393733251
66,-0.09596990311276024
67,-0.1228896103896104
68,-0.08944289837146979
69,-0.12451298701298699
70,-0.13718820861678002
71,-0.1873196248196248
72,-0.21013193156050294
73,-0.08636363636363638
74,-0.21637033601319314
75,-0.11754277468563183
76,-0.14880437023294166
77,-0.24845392702535557
78,-0.15810142238713665
79,-0.09527417027417026
80,-0.15110028860028854
81,-0.14860595753452896
82,-0.05207173778602349
83,-0.15767367553081835
84,-0.12844516594516595
85,-0.08506751185322614
86,-0.13378427128427126
87,-0.12896052360338078
88,-0.16996753246753246
89,-0.1629921665635951
90,-0.09120026798598227
91,-0.2403267367553082
92,-0.12657184085755513
93,-0.06904761904761902
94,-0.1919294990723562
95,-0.17236652236652233
96,-0.09918831168831166
97,-0.08225881261595547
98,-0.11477530406101832
99,-0.10499381570810137
100,-0.08278190063904348
101,-0.1730674087816945
102,-0.16483199340342197
103,-0.1625747268604411
104,-0.17371675943104514
105,-0.12809987631416203
106,-0.12230983302411876
107,-0.16184034219748505
108,-0.0790919398062255
109,-0.10058235415378272
110,-0.12007575757575757
111,-0.11765099979385689
112,-0.18520150484436196
113,-0.0400974025974026
114,-0.16360544217687076
115,-0.17429911358482783
116,-0.11494021851164704
117,-0.08341836734693878
118,-0.07179962894248608
119,-0.21363378684807258
120,-0.11923314780457635
121,-0.18025664811379097
122,-0.1277236652236652
123,-0.15667388167388166
124,-0.11206452277880849
125,-0.13879097093382806
126,-0.1912466501752216
127,-0.16128375592661304
128,-0.09195526695526693
129,-0.16780045351473918
130,-0.08449031127602555
131,-0.12632704596990313
132,-0.13850494743351888
133,-0.1852891156462585
134,-0.17081787260358688
135,-0.1761801690373119
136,-0.13374819624819625
137,-0.11612296433725004
138,-0.16257472686044114
139,-0.1353870336013193
140,-0.11198721913007628
141,-0.1476293547722119
142,-0.16630849309420737
143,-0.12570603999175428
144,-0.13875489589775306
145,-0.16360028860028858
146,-0.11682385075242219
147,-0.19791022469593894
148,-0.12418831168831168
149,-0.1394686662543805
150,-0.0648010719439291
151,-0.19980931766646048
152,-0.14749278499278498
153,-0.1804138321995465
154,-0.17123788909503193
155,-0.1845521541950113
156,-0.04375386518243658
157,-0.16891877963306534
158,-0.06591424448567304
159,-0.11547361368789937
160,-0.13645382395382394
161,-0.15926355390641106
162,-0.06305400948258091
163,-0.09572253143681715
164,-0.18939909297052154
165,-0.22973871366728513
166,-0.10224695938981654
167,-0.11893681715110285
168,-0.1685477221191507
169,-0.08003246753246755
170,-0.13041898577612862
171,-0.12436095650381365
172,-0.09217171717171717
173,-0.06739332096474952
174,-0.13072820037105748
175,-0.19435941043083899
176,-0.1310399917542774
177,-0.03767779839208408
178,-0.22411100803957945
179,-0.10301999587713873
180,-0.10345804988662133
181,-0.10034013605442176
182,-0.1710832817975675
183,-0.014873222016079147
184,-0.14281076066790355
185,-0.1680735930735931
186,-0.10758606472892185
187,-0.12393320964749537
188,-0.12499742321170892
189,-0.08500566893424033
190,-0.15397598433312717
191,-0.17328901257472684
192,-0.12216037930323642
193,-0.1152133580705009
194,-0.09524324881467738
195,-0.15264378478664192
196,-0.20208462172747885
197,-0.1558286951144094
198,-0.20202277880849304
199,-0.1638193156050299
200,-0.14380540094825806
201,-0.10636209029066172
202,-0.14762420119562977
203,-0.15066738816738814
204,-0.19297309833024118
205,-0.200907029478458
206,-0.12548701298701298
207,-0.08672180993609563
208,-0.1492991135848278
209,-0.06193052978767265
210,-0.16185837971552253
211,-0.15259997938569367
212,-0.1990208204493919
213,-0.15110028860028862
214,-0.13201401772830343
215,-0.07821325499896928
216,-0.12630643166357453
217,-0.14195269016697587
218,-0.12696351267779835
219,-0.03790713254998966
220,-0.13788909503195218
221,-0.1475855493712636
222,-0.2116161616161616
223,-0.1619562976705834
224,-0.12791950113378686
225,-0.18961811997526284
226,-0.0656307977736549
227,-0.19517367553081838
228,-0.17464182642754073
229,-0.14948721913007626
230,-0.1485183467326324
231,-0.12813595135023703
232,-0.13155277262420115
233,-0.1183286951144094
234,-0.13896361574933
235,-0.1073232323232323
236,-0.17971809936095648
237,-0.07731137909709337
238,-0.16822820037105748
239,-0.1640769944341373
240,-0.11989538239538237
241,-0.08675015460729744
242,-0.08415790558647702
243,-0.1928519892805607
244,-0.11957328385899813
245,-0.10544475365903934
246,-0.17481962481962482
247,-0.11802205730777157
248,-0.18181302824159967
249,-0.15597041847041843
250,-0.12184343434343432
251,-0.07761286332714903
252,-0.13141362605648318
253,-0.0770794681508967
254,-0.134193980622552
255,-0.09773757988043699
256,-0.14245001030715315
257,-0.1054241393527108
258,-0.14340084518655946
259,-0.13459080601937745
260,-0.044421253349824774
261,-0.12373737373737373
262,-0.14849515563801277
263,-0.10216450216450212
264,-0.06364667078952792
265,-0.08650278293135436
266,-0.11166254380540094
267,-0.17749175427746852
268,-0.11330138115852403
269,-0.1554267161410018
270,-0.2004277468563183
271,-0.0604179550608122
272,-0.15759121830550404
273,-0.10711708925994638
274,-0.05853432282003711
275,-0.23771902700474126
276,-0.2210807050092764
277,-0.17209853638425068
278,-0.07857400535971963
279,-0.1530096887239744
280,-0.19092970521541947
281,-0.14481550195835907
282,-0.15528499278499275
283,-0.13163522984951553
284,-0.13031076066790354
285,-0.13519892805607092
286,-0.16700680272108842
287,-0.1314883529169243
288,-0.12998350855493712
289,-0.16256184291898576
290,-0.10773809523809523
291,-0.1892316017316017
292,-0.11162904555761695
293,-0.11611781076066788
294,-0.1233147804576376
295,-0.2672077922077923
296,-0.19865491651205938
297,-0.14033446712018136
298,-0.19929138321995463
299,-0.10569470212327356
300,-0.09186765615337045
301,-0.1360441146155432
302,-0.09148886827458254
303,-0.2097428365285508
304,-0.11421614100185531
305,-0.1493841475984333
306,-0.20089672232529376
307,-0.15173417851989282
308,-0.05942589156874869
309,-0.17887806637806633
310,-0.13411667697381982
311,-0.14656514120799832
312,-0.09253762110904969
313,-0.1424654710368996
314,-0.08681199752628324
315,-0.141192537621109
316,-0.1321866625438054
317,-0.1659606266749124
318,-0.112291280148423
319,-0.14389043496186346
320,-0.11122964337250048
321,-0.19355029890744177
322,-0.1262291280148423
323,-0.20278550814265098
324,-0.12590445269016698
325,-0.10919398062255206
326,-0.0764842300556586
327,-0.08212739641311066
328,-0.09142960214388786
329,-0.15810142238713668
330,-0.20072923108637392
331,-0.1974773242630385
332,-0.2582096474953618
333,-0.06943929086786228
334,-0.09927849927849927
335,-0.2056843949701092
336,-0.14359925788497216
337,-0.18697691197691196
338,-0.08124098124098122
339,-0.09778396206967635
340,-0.10884096062667492
341,-0.0663059163059163
342,-0.11453050917336631
343,-0.19315605029890742
344,-0.062471655328798135
345,-0.11173211708925992
346,-0.12175066996495568
347,-0.22867965367965368
348,-0.19115388579674292
349,-0.09660894660894659
350,-0.1121598639455782
351,-0.1214491857349
352,-0.084366625438054
353,-0.13061739847454135
354,-0.12509276437847863
355,-0.1264481550195836
356,-0.12365491651205936
357,-0.10702947845804989
358,-0.14071325499896928
359,-0.08015615337043906
360,-0.1365079365079365
361,-0.07696351267779837
362,-0.12869511440940012
363,-0.14466089466089463
364,-0.1243351886209029
365,-0.11739074417645842
366,-0.14571480107194393
367,-0.0823361162646877
368,-0.16330395794681507
369,-0.12963306534735106
370,-0.08959492888064316
371,-0.14698000412286122
372,-0.09961863533292105
373,-0.1262291280148423
374,-0.08461399711399711
375,-0.10266955266955265
376,-0.12436353329210473
377,-0.07902236652236648
378,-0.13444135229849513
379,-0.10365388579674291
380,-0.1242939600082457
381,-0.2157519068233354
382,-0.09591063698206556
383,-0.13457792207792205
384,-0.17510564831993403
385,-0.13494382601525454
386,-0.12512626262626264
387,-0.17618274582560295
388,-0.12678571428571422
389,-0.2082586064728921
390,-0.1895717377860235
391,-0.16772830344258916
392,-0.14237012987012987
393,-0.14114615543186967
394,-0.13250360750360748
395,-0.04810863739435166
396,-0.17362141826427538
397,-0.1496109049680478
398,-0.17886518243661104
399,-0.09539785611214183
400,-0.06003916718202429
401,-0.15071377035662747
402,-0.19344207379921668
403,-0.12197227375798803
404,-0.17484539270253555
405,-0.15470263863121006
406,-0.07074314574314572
407,-0.14911616161616156
408,-0.1457354153782725
409,-0.15592661306947025
410,-0.21147443826015255
411,-0.1250386518243661
412,-0.16964801071943925
413,-0.16902185116470828
414,-0.15392187177901465
415,-0.18282055246340956
416,-0.21239435168006593
417,-0.10486239950525664
418,-0.05065708101422387
419,-0.16607142857142856
420,-0.16708668315811173
421,-0.10528241599670167
422,-0.13770871985157698
423,-0.0984925788497217
424,-0.1288548752834467
425,-0.14871418264275407
426,-0.11810451453308593
427,-0.17755102040816326
428,-0.14024943310657595
429,-0.033696660482374755
430,-0.13137239744382603
431,-0.16829004329004327
432,-0.15910379303236447
433,-0.20678726035868894
434,-0.10218253968253965
435,-0.11947021232735518
436,-0.13505462791177072
437,-0.21270614306328595
438,-0.2285070088641517
439,-0.14487992166563596
440,-0.17662079983508555
441,-0.17681148216862502
442,-0.09833797155225724
443,-0.15163110698824983
444,-0.14662440733869303
445,-0.18035714285714288
446,-0.18171511028653886
447,-0.09514533085961656
448,-0.12988816738816739
449,-0.15529014636157495
450,-0.151288394145537
451,-0.15997474747474744
452,-0.0937126365697794
453,-0.07489950525664811
454,-0.21187126365697795
455,-0.19943826015254584
456,-0.17795042259327976
457,-0.06254638218923933
458,-0.07966141001855284
459,-0.12767985982271698
460,-0.11539373325087607
461,-0.09035250463821888
462,-0.11722840651412078
463,-0.13336425479282626
464,-0.11294836116264687
465,-0.21847814883529165
466,-0.11076839826839821
467,-0.20940785405071122
468,-0.08851010101010104
469,-0.15262832405689547
470,-0.10624871160585443
471,-0.18853586889301174
472,-0.173258091115234
473,-0.1259688723974438
474,-0.11933879612451034
475,-0.09880694702123274
476,-0.11776695526695524
477,-0.06095908060193772
478,-0.17230467944753655
479,-0.1803391053391053
480,-0.10897237682951968
481,-0.10066481137909707
482,-0.1101886209029066
483,-0.15613790970933833
484,-0.06980777159348586
485,-0.14597247990105133
486,-0.14420995670995668
487,-0.13561636775922487
488,-0.24409142444856724
489,-0.16900639043496185
490,-0.07712585034013604
491,-0.10755256648113791
492,-0.09613481756338897
493,-0.16326015254586682
494,-0.09256596578025147
495,-0.16318027210884353
496,-0.10509688723974438
497,-0.11437847866419297
498,-0.09717068645640073
499,-0.20158730158730162
500,-0.09568130282415996
501,-0.19902339723768292
502,-0.01703257060399919
503,-0.12366522366522367
504,-0.16318542568542568
505,-0.1294707276850134
506,-0.13660070088641513
507,-0.08588693052978766
508,-0.13376365697794265
509,-0.1762471655328798
510,-0.09013090084518655
511,-0.13659554730983298
512,-0.20253813646670787
513,-0.1827329416615131
514,-0.09263038548752832
515,-0.14486961451247163
516,-0.13176406926406922
517,-0.04171562564419704
518,-0.012165017522160353
519,-0.10621263656977945
520,-0.12259843331271902
521,-0.1356936714079571
522,-0.1773809523809524
523,-0.1592068645640074
524,-0.16314935064935066
525,-0.26564110492681925
526,-0.20417697381983096
527,-0.059013605442176834
528,-0.16608173572459287
529,-0.10132189239332094
530,-0.10514326942898373
531,-0.0699649556792414
532,-0.16969954648526075
533,-0.06848845598845596
534,-0.1307256235827664
535,-0.10196351267779838
536,-0.12178416821273963
537,-0.038303957946815084
538,-0.12746340960626673
539,-0.14210214388785816
540,-0.08196505875077306
541,-0.15058493094207379
542,-0.1553983714698
543,-0.27005772005772005
544,-0.11238662131519273
545,-0.11575706039991755
546,-0.11027107812822098
547,-0.14377447948876518
548,-0.16408987837559266
549,-0.04920892599464028
550,-0.1641079158936302
551,-0.19211245104102243
552,-0.1367553081838796
553,-0.15390125747268604
554,-0.15441146155431867
555,-0.1349335188620903
556,-0.19865749330035043
557,-0.10285765821480104
558,-0.1528937332508761
559,-0.15374922696351262
560,-0.10837198515769944
561,-0.16733405483405484
562,-0.10386775922490207
563,-0.08830138115852401
564,-0.12121727478870337
565,-0.07215780251494536
566,-0.07413419913419914
567,-0.14776077097505666
568,-0.16059575345289628
569,-0.11559472273757987
570,-0.10208462172747886
571,-0.09350133992991136
572,-0.171379612451041
573,-0.14959544423830134
574,-0.149721706864564
575,-0.09813955885384455
576,-0.12231756338899194
577,-0.140179859822717
578,-0.1433286951144094
579,-0.16227839620696763
580,-0.07140795712224283
581,-0.059863945578231284
582,-0.1502679859822717
583,-0.14695681302824157
584,-0.16407699443413729
585,-0.18798958977530406
586,-0.11976138940424652
587,-0.04896928468357037
588,-0.11494279529993814
589,-0.09042465471036898
590,-0.10907029478458048
591,-0.10460987425273138
592,-0.19038084930942076
593,-0.18037002679859823
594,-0.19606782106782103
595,-0.10852143887858172
596,-0.09273603380746237
597,-0.06982838589981447
598,-0.07612863327149041
599,-0.21563337456194595
600,-0.12653318903318903
601,-0.1680864770150484
602,-0.14141929499072353
603,-0.10810399917542772
604,-0.16489898989898993
605,-0.1264661925376211
606,-0.10132189239332097
607,-0.13849979385693673
608,-0.1740981240981241
609,-0.13063543599257882
610,-0.08475314368171512
611,-0.16961451247165532
612,-0.18615491651205943
613,-0.22791950113378684
614,-0.14459905174190887
615,-0.08314265099979386
616,-0.08974438260152544
617,-0.16696042053184906
618,-0.14019016697588124
619,-0.15547825190682332
620,-0.2180040197897341
621,-0.14395743145743145
622,-0.09423057101628529
623,-0.15459183673469387
624,-0.08597196454339309
625,-0.19398577612863324
626,-0.1480107194392909
627,-0.12229694908266334
628,-0.10415120593692022
629,-0.10765821480107193
630,-0.2275587507730365
631,-0.1841991341991342
632,-0.1664785611214182
633,-0.13669604205318492
634,-0.07120696763553905
635,-0.08448000412286125
636,-0.20303545660688513
637,-0.17341527520098948
638,-0.09478715728715728
639,-0.2150175221603793
640,-0.09096578025149453
641,-0.2047258297258297
642,-0.16455112347969492
643,-0.1239280560709132
644,-0.14949237270665844
645,-0.20680787466501754
646,-0.16185322613894043
647,-0.19294475365903935
648,-0.11319830962688102
649,-0.05510977118119973
650,-0.07592506699649555
651,-0.08113275613275614
652,-0.10488816738816738
653,-0.14389043496186352
654,-0.09910327767470625
655,-0.10599360956503814
656,-0.11264172335600905
657,-0.1397469593898165
658,-0.16396361574933005
659,-0.09927592249020818
660,-0.1702123273551845
661,-0.06855802927231498
662,-0.17001906823335394
663,-0.14482065553494125
664,-0.1694599051741909
665,-0.14356833642547925
666,-0.1829210472067615
667,-0.13496959389816532
668,-0.1609152752009895
669,-0.043315811172954
670,-0.10271851164708301
671,-0.14087559266130695
672,-0.15918109668109667
673,-0.09060502989074415
674,-0.10883065347351059
675,-0.14833024118738403
676,-0.14777107812822093
677,-0.16738043702329414
678,-0.12389455782312923
679,-0.07759740259740258
680,-0.06640383426097711
681,-0.09955679241393528
682,-0.18537157287157285
683,-0.11449443413729125
684,-0.20474386724386723
685,-0.12765924551638838
686,-0.12638373531230668
687,-0.06834157905586473
688,-0.14552927231498658
689,-0.03902288188002472
690,-0.1663832199546485
691,-0.1935554524840239
692,-0.17300298907441763
693,-0.14550092764378478
694,-0.15338589981447123
695,-0.1659193980622552
696,-0.10077045969903112
697,-0.1770408163265306
698,-0.1602659245516388
699,-0.10885899814471238
700,-0.10660688517831376
701,-0.14968820861678003
702,-0.1706658420944135
703,-0.11294836116264687
704,-0.13276901669758806
705,-0.16349464028035457
706,-0.12917955060812203
707,-0.13450577200577196
708,-0.12265769944341369
709,-0.1580705009276438
710,-0.1726396619253762
711,-0.2199288806431663
712,-0.1812255205112348
713,-0.22260358688930118
714,-0.07677540713254995
715,-0.13765203050917338
716,-0.17792723149866005
717,-0.1330292723149866
718,-0.10194032158317874
719,-0.1386234796949083
720,-0.1752396413110699
721,-0.08511904761904758
722,-0.11258245722531439
723,-0.14859049680478248
724,-0.15648319934034222
725,-0.19550092764378474
726,-0.15148938363224076
727,-0.1663110698824984
728,-0.18022830344258917
729,-0.15082714904143474
730,-0.1672464440321583
731,-0.11884662956091527
732,-0.1843408575551433
733,-0.14355029890744175
734,-0.12651772830344257
735,-0.21157493300350438
736,-0.1331787260358689
737,-0.1579777365491651
738,-0.05708616780045352
739,-0.10678468357039783
740,-0.1285482374768089
741,-0.1195784374355803
742,-0.17047000618429187
743,-0.08704648526077094
744,-0.07830859616573901
745,-0.08558029272314986
746,-0.13019222840651407
747,-0.10207173778602348
748,-0.11863017934446503
749,-0.09158420944135229
750,-0.1449237270665842
751,-0.1763966192537621
752,-0.09949237270665844
753,-0.283531746031746
754,-0.17923108637394353
755,-0.18401618223046792
756,-0.1839543393114821
757,-0.15174963924963922
758,-0.15100237064522776
759,-0.1598639455782313
760,-0.1923443619872191
761,-0.14349103277674707
762,-0.1333513708513708
763,-0.11094619666048237
764,-0.18709286745001028
765,-0.195892599464028
766,-0.09785095856524424
767,-0.13958462172747885
768,-0.08839929911358485
769,-0.1706039991754277
770,-0.21631106988249843
771,-0.19622500515357655
772,-0.23094980416408983
773,-0.20359204287775717
774,-0.1608843537414966
775,-0.07496134817563388
776,-0.22265512265512263
777,-0.13803597196454337
778,-0.1570140177283034
779,-0.1259997938569367
780,-0.12982632446918158
781,-0.035920428777571616
782,-0.1322794269222841
783,-0.1819470212327355
784,-0.10488559059987632
785,-0.15741857349000205
786,-0.1670763760049474
787,-0.12106266749123892
788,-0.11092815914244485
789,-0.03878839414553699
790,-0.09496753246753245
791,-0.14879406307977736
792,-0.19814728921871777
793,-0.14465831787260353
794,-0.1541924345495774
795,-0.1251133786848073
796,-0.14129303236446095
797,-0.11446351267779838
798,-0.15086837765409195
799,-0.1863069470212327
800,-0.07476808905380332
801,-0.10529787672644816
802,-0.17593795093795092
803,-0.15091218305504017
804,-0.14555761698618838
805,-0.1522392290249433
806,-0.12028447742733457
807,-0.1649788703360132
808,-0.0681508967223253
809,-0.09315347351061633
810,-0.148538961038961
811,-0.1437615955473098
812,-0.11076324469181609
813,-0.11163935271078126
814,-0.19198876520305092
815,-0.1718949701092558
816,-0.1131029684601113
817,-0.11857349000206144
818,-0.06783395176252316
819,-0.11076839826839824
820,-0.10231910946196658
821,-0.08895330859616572
822,-0.09366367759224903
823,-0.13416305916305915
824,-0.15878942486085343
825,-0.13384611420325704
826,-0.09133941455370027
827,-0.09160997732426304
828,-0.07684498041640897
829,-0.10290661719233148
830,-0.10807307771593484
831,-0.08057359307359306
832,-0.15011080189651613
833,-0.11531900639043494
834,-0.23261440940012368
835,-0.17513141620284473
836,-0.09592867450010303
837,-0.0883194186765615
838,-0.1353432282003711
839,-0.2377499484642341
840,-0.15594465058750773
841,-0.09600340136054422
842,-0.08642032570603997
843,-0.06999072356215215
844,-0.09619923727066582
845,-0.20182694289837144
846,-0.14558338486909916
847,-0.18170480313337456
848,-0.19419449598021027
849,-0.12858688930117496
850,-0.1542697381983096
851,-0.11555607091321378
852,-0.15952896310039164
853,-0.15818645640074208
854,-0.13320707070707072
855,-0.18565244279529994
856,-0.0692383013811585
857,-0.14335961657390225
858,-0.09995877138734281
859,-0.1824649556792414
860,-0.13835291692434545
861,-0.148572459286745
862,-0.14699546485260764
863,-0.07400535971964542
864,-0.19508348794063074
865,-0.14799010513296226
866,-0.20112090290661722
867,-0.10029117707689136
868,-0.12130746237889092
869,-0.10027571634714491
870,-0.10748041640898783
871,-0.12118635332921043
872,-0.09235209235209235
873,-0.07609255823541536
874,-0.16270614306328596
875,-0.0948361162646877
876,-0.16335034013605437
877,-0.1624716553287982
878,-0.17209080601937746
879,-0.08150896722325292
880,-0.13591012162440735
881,-0.13394403215831785
882,-0.07476551226551224
883,-0.06575963718820858
884,-0.13283085961657395
885,-0.16003401360544214
886,-0.06444805194805195
887,-0.18057616986188416
888,-0.08196248196248193
889,-0.18928056070913213
890,-0.09149917542774684
891,-0.07258297258297258
892,-0.18986549165120592
893,-0.16763038548752834
894,-0.11474695938981652
895,-0.12443826015254586
896,-0.11020923520923517
897,-0.13562925170068024
898,-0.16243558029272315
899,-0.12442537621109051
900,-0.09866780045351475
901,-0.07243609565038134
902,-0.14594928880643165
903,-0.11754277468563182
904,-0.1502061430632859
905,-0.11611523397237682
906,-0.10426200783343638
907,-0.1344645433931148
908,-0.1631545042259328
909,-0.06834157905586476
910,-0.136281179138322
911,-0.16896000824572252
912,-0.11511544011544009
913,-0.09394197072768502
914,-0.09331323438466296
915,-0.11861471861471859
916,-0.09129818594104307
917,-0.14622500515357656
918,-0.0345573077715935
919,-0.18151412079983503
920,-0.05586219336219335
921,-0.1368326118326119
922,-0.08679138321995464
923,-0.1323309626881055
924,-0.16461296639868067
925,-0.10084776334776335
926,-0.1376494537208823
927,-0.17343073593073588
928,-0.14573283858998143
929,-0.1335446299732014
930,-0.1440605029890744
931,-0.1455988455988456
932,-0.07700989486703771
933,-0.046400226757369586
934,-0.03819573283859
935,-0.14281849103277672
936,-0.09486446093588952
937,-0.12597917955060808
938,-0.16890589569160996
939,-0.16120387548958975
940,-0.05079107400535969
941,-0.087953514739229
942,-0.11322665429808283
943,-0.13553133374561946
944,-0.1589002267573696
945,-0.12704339311482168
946,-0.1408034425891569
947,-0.08432024324881464
948,-0.14107400535971965
949,-0.07857915893630181
950,-0.11140744176458459
951,-0.1550659657802515
952,-0.08995310245310244
953,-0.11890589569160995
954,-0.15016233766233764
955,-0.17101370851370848
956,-0.08759791795506078
957,-0.160863739435168
958,-0.12633735312306738
959,-0.08663419913419912
960,-0.2646103896103896
961,-0.16055452484023913
962,-0.1933467326324469
963,-0.12573180787466504
964,-0.1968692022263451
965,-0.10568697175840032
966,-0.07874407338693049
967,-0.1793805400948258
968,-0.1508245722531437
969,-0.15368480725623582
970,-0.12645073180787464
971,-0.14249381570810143
972,-0.18799216656359513
973,-0.19096062667491237
974,-0.15663522984951558
975,-0.08294681508967225
976,-0.09948721913007626
977,-0.15099721706864563
978,-0.16446351267779838
979,-0.22840393733250872
980,-0.12754844361987216
981,-0.15280869923727067
982,-0.1536667697381983
983,-0.11665893630179344
984,-0.13471449185734902
985,-0.12456967635539062
986,-0.13593073593073593
987,-0.18506751185322615
988,-0.1591372912801484
989,-0.13495413316841887
990,-0.17483508554937127
991,-0.13871109049680477
992,-0.1508219954648526
993,-0.14681251288394143
994,-0.1516852195423624
995,-0.12546124510410223
996,-0.11804782519068233
997,-0.04263296227581941
998,-0.14159709338280765
